"scenario","region","subRegion","sources","x","xLabel","vintage","units","aggregate","classPalette1","classPalette2","origScen","origQuery","origUnits","origX","class2","class1","value","origValue","classLabel1","classLabel2","param"
"High","Thailand","Thailand","Sources",1980,"Year","Vint_1980","CO2 emissions - (MTCO2)","sum","pal_all","classPalette2","High","Land Use Change Emission (future)","MtC/yr",1980,"CO2","LUC",101.84637177292,27.7762832107965,"sector","ghg","emissCO2BySectorNoBio"
"High","Thailand","Thailand","Sources",1985,"Year","Vint_1985","CO2 emissions - (MTCO2)","sum","pal_all","classPalette2","High","Land Use Change Emission (future)","MtC/yr",1985,"CO2","LUC",100.891230615035,27.5157901677368,"sector","ghg","emissCO2BySectorNoBio"
"High","Thailand","Thailand","Sources",1990,"Year","Vint_1990","CO2 emissions - (MTCO2)","sum","pal_all","classPalette2","High","Land Use Change Emission (future)","MtC/yr",1990,"CO2","LUC",100.600010165918,27.4363664088866,"sector","ghg","emissCO2BySectorNoBio"
"High","Thailand","Thailand","Sources",1995,"Year","Vint_1995","CO2 emissions - (MTCO2)","sum","pal_all","classPalette2","High","Land Use Change Emission (future)","MtC/yr",1995,"CO2","LUC",6.54453040109601,1.78487192757164,"sector","ghg","emissCO2BySectorNoBio"
"High","Thailand","Thailand","Sources",2000,"Year","Vint_2000","CO2 emissions - (MTCO2)","sum","pal_all","classPalette2","High","Land Use Change Emission (future)","MtC/yr",2000,"CO2","LUC",-4.79992044998378,-1.30906921363194,"sector","ghg","emissCO2BySectorNoBio"
"High","Thailand","Thailand","Sources",2005,"Year","Vint_2005","CO2 emissions - (MTCO2)","sum","pal_all","classPalette2","High","Land Use Change Emission (future)","MtC/yr",2005,"CO2","LUC",-9.82894521305687,-2.68062142174278,"sector","ghg","emissCO2BySectorNoBio"
"High","Thailand","Thailand","Sources",2010,"Year","Vint_2010","CO2 emissions - (MTCO2)","sum","pal_all","classPalette2","High","Land Use Change Emission (future)","MtC/yr",2010,"CO2","LUC",84.9197655152153,23.1599360496042,"sector","ghg","emissCO2BySectorNoBio"
"High","Thailand","Thailand","Sources",2015,"Year","Vint_2015","CO2 emissions - (MTCO2)","sum","pal_all","classPalette2","High","Land Use Change Emission (future)","MtC/yr",2015,"CO2","LUC",150.501132642193,41.0457634478707,"sector","ghg","emissCO2BySectorNoBio"
"High","Thailand","Thailand","Sources",2020,"Year","Vint_2020","CO2 emissions - (MTCO2)","sum","pal_all","classPalette2","High","Land Use Change Emission (future)","MtC/yr",2020,"CO2","LUC",16.2021684530369,4.4187732144646,"sector","ghg","emissCO2BySectorNoBio"
"High","Thailand","Thailand","Sources",2025,"Year","Vint_2025","CO2 emissions - (MTCO2)","sum","pal_all","classPalette2","High","Land Use Change Emission (future)","MtC/yr",2025,"CO2","LUC",19.0096180557967,5.18444128794455,"sector","ghg","emissCO2BySectorNoBio"
"High","Thailand","Thailand","Sources",2030,"Year","Vint_2030","CO2 emissions - (MTCO2)","sum","pal_all","classPalette2","High","Land Use Change Emission (future)","MtC/yr",2030,"CO2","LUC",15.396451528642,4.19903223508418,"sector","ghg","emissCO2BySectorNoBio"
"High","Thailand","Thailand","Sources",2035,"Year","Vint_2035","CO2 emissions - (MTCO2)","sum","pal_all","classPalette2","High","Land Use Change Emission (future)","MtC/yr",2035,"CO2","LUC",19.6588909901299,5.36151572458088,"sector","ghg","emissCO2BySectorNoBio"
"High","Thailand","Thailand","Sources",2040,"Year","Vint_2040","CO2 emissions - (MTCO2)","sum","pal_all","classPalette2","High","Land Use Change Emission (future)","MtC/yr",2040,"CO2","LUC",14.3459620498619,3.91253510450779,"sector","ghg","emissCO2BySectorNoBio"
"High","Thailand","Thailand","Sources",2045,"Year","Vint_2045","CO2 emissions - (MTCO2)","sum","pal_all","classPalette2","High","Land Use Change Emission (future)","MtC/yr",2045,"CO2","LUC",19.1208888817286,5.21478787683506,"sector","ghg","emissCO2BySectorNoBio"
"High","Thailand","Thailand","Sources",2050,"Year","Vint_2050","CO2 emissions - (MTCO2)","sum","pal_all","classPalette2","High","Land Use Change Emission (future)","MtC/yr",2050,"CO2","LUC",14.2583663661839,3.88864537259561,"sector","ghg","emissCO2BySectorNoBio"
"High","Thailand","Thailand","Sources",2055,"Year","Vint_2055","CO2 emissions - (MTCO2)","sum","pal_all","classPalette2","High","Land Use Change Emission (future)","MtC/yr",2055,"CO2","LUC",-0.577382243852066,-0.157467884686927,"sector","ghg","emissCO2BySectorNoBio"
"High","Thailand","Thailand","Sources",2060,"Year","Vint_2060","CO2 emissions - (MTCO2)","sum","pal_all","classPalette2","High","Land Use Change Emission (future)","MtC/yr",2060,"CO2","LUC",-0.365799102013427,-0.0997633914582074,"sector","ghg","emissCO2BySectorNoBio"
"High","Thailand","Thailand","Sources",2065,"Year","Vint_2065","CO2 emissions - (MTCO2)","sum","pal_all","classPalette2","High","Land Use Change Emission (future)","MtC/yr",2065,"CO2","LUC",-0.233766645458717,-0.0637545396705592,"sector","ghg","emissCO2BySectorNoBio"
"High","Thailand","Thailand","Sources",2070,"Year","Vint_2070","CO2 emissions - (MTCO2)","sum","pal_all","classPalette2","High","Land Use Change Emission (future)","MtC/yr",2070,"CO2","LUC",-0.155436827545349,-0.0423918620578225,"sector","ghg","emissCO2BySectorNoBio"
"High","Thailand","Thailand","Sources",2075,"Year","Vint_2075","CO2 emissions - (MTCO2)","sum","pal_all","classPalette2","High","Land Use Change Emission (future)","MtC/yr",2075,"CO2","LUC",-0.104372156725995,-0.0284651336525442,"sector","ghg","emissCO2BySectorNoBio"
"High","Thailand","Thailand","Sources",2080,"Year","Vint_2080","CO2 emissions - (MTCO2)","sum","pal_all","classPalette2","High","Land Use Change Emission (future)","MtC/yr",2080,"CO2","LUC",-0.070200553316682,-0.0191456054500042,"sector","ghg","emissCO2BySectorNoBio"
"High","Thailand","Thailand","Sources",2085,"Year","Vint_2085","CO2 emissions - (MTCO2)","sum","pal_all","classPalette2","High","Land Use Change Emission (future)","MtC/yr",2085,"CO2","LUC",-0.0472502511071809,-0.0128864321201402,"sector","ghg","emissCO2BySectorNoBio"
"High","Thailand","Thailand","Sources",2090,"Year","Vint_2090","CO2 emissions - (MTCO2)","sum","pal_all","classPalette2","High","Land Use Change Emission (future)","MtC/yr",2090,"CO2","LUC",-0.031830294227091,-0.00868098933466118,"sector","ghg","emissCO2BySectorNoBio"
"High","Thailand","Thailand","Sources",2095,"Year","Vint_2095","CO2 emissions - (MTCO2)","sum","pal_all","classPalette2","High","Land Use Change Emission (future)","MtC/yr",2095,"CO2","LUC",-0.0214619448420498,-0.00585325768419541,"sector","ghg","emissCO2BySectorNoBio"
"High","Thailand","Thailand","Sources",2100,"Year","Vint_2100","CO2 emissions - (MTCO2)","sum","pal_all","classPalette2","High","Land Use Change Emission (future)","MtC/yr",2100,"CO2","LUC",-0.0144826393009318,-0.00394981071843594,"sector","ghg","emissCO2BySectorNoBio"
"High","Bangkok","Bangkok","Sources",1975,"Year","Vint_1975","CO2 emissions - (MTCO2)","sum","pal_all","pal_all","High","CO2 emissions by tech",NA,1975,"CO2","industry",0.201773899513841,0.0550292453219567,"sector","ghg","emissCO2BySectorNoBio"
"High","Bangkok","Bangkok","Sources",1975,"Year","Vint_1975","CO2 emissions - (MTCO2)","sum","pal_all","pal_all","High","CO2 emissions by tech",NA,1975,"CO2","transport",0.901885937333333,0.245968892,"sector","ghg","emissCO2BySectorNoBio"
"High","Bangkok","Bangkok","Sources",1990,"Year","Vint_1990","CO2 emissions - (MTCO2)","sum","pal_all","pal_all","High","CO2 emissions by tech",NA,1990,"CO2","building",1.03020953371251,0.280966236467047,"sector","ghg","emissCO2BySectorNoBio"
"High","Bangkok","Bangkok","Sources",1990,"Year","Vint_1990","CO2 emissions - (MTCO2)","sum","pal_all","pal_all","High","CO2 emissions by tech",NA,1990,"CO2","industry",0.523581959292886,0.142795079807151,"sector","ghg","emissCO2BySectorNoBio"
"High","Bangkok","Bangkok","Sources",1990,"Year","Vint_1990","CO2 emissions - (MTCO2)","sum","pal_all","pal_all","High","CO2 emissions by tech",NA,1990,"CO2","transport",3.59354816333333,0.98005859,"sector","ghg","emissCO2BySectorNoBio"
"High","Bangkok","Bangkok","Sources",2005,"Year","Vint_2005","CO2 emissions - (MTCO2)","sum","pal_all","pal_all","High","CO2 emissions by tech",NA,2005,"CO2","building",1.90010257026983,0.518209791891771,"sector","ghg","emissCO2BySectorNoBio"
"High","Bangkok","Bangkok","Sources",2005,"Year","Vint_2005","CO2 emissions - (MTCO2)","sum","pal_all","pal_all","High","CO2 emissions by tech",NA,2005,"CO2","industry",2.03543771202341,0.555119376006384,"sector","ghg","emissCO2BySectorNoBio"
"High","Bangkok","Bangkok","Sources",2005,"Year","Vint_2005","CO2 emissions - (MTCO2)","sum","pal_all","pal_all","High","CO2 emissions by tech",NA,2005,"CO2","transport",7.2100260466094,1.96637073998438,"sector","ghg","emissCO2BySectorNoBio"
"High","Bangkok","Bangkok","Sources",2010,"Year","Vint_2010","CO2 emissions - (MTCO2)","sum","pal_all","pal_all","High","CO2 emissions by tech",NA,2010,"CO2","building",2.45015634291478,0.668224457158577,"sector","ghg","emissCO2BySectorNoBio"
"High","Bangkok","Bangkok","Sources",2010,"Year","Vint_2010","CO2 emissions - (MTCO2)","sum","pal_all","pal_all","High","CO2 emissions by tech",NA,2010,"CO2","industry",2.53593376391728,0.691618299250168,"sector","ghg","emissCO2BySectorNoBio"
"High","Bangkok","Bangkok","Sources",2010,"Year","Vint_2010","CO2 emissions - (MTCO2)","sum","pal_all","pal_all","High","CO2 emissions by tech",NA,2010,"CO2","transport",7.27999049580352,1.98545195340096,"sector","ghg","emissCO2BySectorNoBio"
"High","Bangkok","Bangkok","Sources",2015,"Year","Vint_2015","CO2 emissions - (MTCO2)","sum","pal_all","pal_all","High","CO2 emissions by tech",NA,2015,"CO2","building",2.35183024704758,0.641408249194795,"sector","ghg","emissCO2BySectorNoBio"
"High","Bangkok","Bangkok","Sources",2015,"Year","Vint_2015","CO2 emissions - (MTCO2)","sum","pal_all","pal_all","High","CO2 emissions by tech",NA,2015,"CO2","industry",2.8665760652049,0.781793472328608,"sector","ghg","emissCO2BySectorNoBio"
"High","Bangkok","Bangkok","Sources",2015,"Year","Vint_2015","CO2 emissions - (MTCO2)","sum","pal_all","pal_all","High","CO2 emissions by tech",NA,2015,"CO2","transport",8.07330223114788,2.20180969940397,"sector","ghg","emissCO2BySectorNoBio"
"High","Bangkok","Bangkok","Sources",2020,"Year","Vint_2020","CO2 emissions - (MTCO2)","sum","pal_all","pal_all","High","CO2 emissions by tech",NA,2020,"CO2","building",2.46899614467932,0.673362584912541,"sector","ghg","emissCO2BySectorNoBio"
"High","Bangkok","Bangkok","Sources",2020,"Year","Vint_2020","CO2 emissions - (MTCO2)","sum","pal_all","pal_all","High","CO2 emissions by tech",NA,2020,"CO2","industry",3.02113466488857,0.823945817696882,"sector","ghg","emissCO2BySectorNoBio"
"High","Bangkok","Bangkok","Sources",2020,"Year","Vint_2020","CO2 emissions - (MTCO2)","sum","pal_all","pal_all","High","CO2 emissions by tech",NA,2020,"CO2","transport",7.42499497119099,2.02499862850663,"sector","ghg","emissCO2BySectorNoBio"
"High","Bangkok","Bangkok","Sources",2025,"Year","Vint_2025","CO2 emissions - (MTCO2)","sum","pal_all","pal_all","High","CO2 emissions by tech",NA,2025,"CO2","building",2.47909917239804,0.676117956108555,"sector","ghg","emissCO2BySectorNoBio"
"High","Bangkok","Bangkok","Sources",2025,"Year","Vint_2025","CO2 emissions - (MTCO2)","sum","pal_all","pal_all","High","CO2 emissions by tech",NA,2025,"CO2","industry",2.99144367841761,0.815848275932075,"sector","ghg","emissCO2BySectorNoBio"
"High","Bangkok","Bangkok","Sources",2025,"Year","Vint_2025","CO2 emissions - (MTCO2)","sum","pal_all","pal_all","High","CO2 emissions by tech",NA,2025,"CO2","transport",6.99149463596763,1.90677126435481,"sector","ghg","emissCO2BySectorNoBio"
"High","Bangkok","Bangkok","Sources",2030,"Year","Vint_2030","CO2 emissions - (MTCO2)","sum","pal_all","pal_all","High","CO2 emissions by tech",NA,2030,"CO2","building",2.55156220669775,0.695880601826659,"sector","ghg","emissCO2BySectorNoBio"
"High","Bangkok","Bangkok","Sources",2030,"Year","Vint_2030","CO2 emissions - (MTCO2)","sum","pal_all","pal_all","High","CO2 emissions by tech",NA,2030,"CO2","industry",2.96672144575826,0.809105848843162,"sector","ghg","emissCO2BySectorNoBio"
"High","Bangkok","Bangkok","Sources",2030,"Year","Vint_2030","CO2 emissions - (MTCO2)","sum","pal_all","pal_all","High","CO2 emissions by tech",NA,2030,"CO2","transport",6.60129272212402,1.80035256057928,"sector","ghg","emissCO2BySectorNoBio"
"High","Bangkok","Bangkok","Sources",2035,"Year","Vint_2035","CO2 emissions - (MTCO2)","sum","pal_all","pal_all","High","CO2 emissions by tech",NA,2035,"CO2","building",2.72329978566414,0.742718123362946,"sector","ghg","emissCO2BySectorNoBio"
"High","Bangkok","Bangkok","Sources",2035,"Year","Vint_2035","CO2 emissions - (MTCO2)","sum","pal_all","pal_all","High","CO2 emissions by tech",NA,2035,"CO2","industry",2.88185756995482,0.785961155442223,"sector","ghg","emissCO2BySectorNoBio"
"High","Bangkok","Bangkok","Sources",2035,"Year","Vint_2035","CO2 emissions - (MTCO2)","sum","pal_all","pal_all","High","CO2 emissions by tech",NA,2035,"CO2","transport",5.88599989419175,1.60527269841593,"sector","ghg","emissCO2BySectorNoBio"
"High","Bangkok","Bangkok","Sources",2040,"Year","Vint_2040","CO2 emissions - (MTCO2)","sum","pal_all","pal_all","High","CO2 emissions by tech",NA,2040,"CO2","building",2.87039884655382,0.782836049060133,"sector","ghg","emissCO2BySectorNoBio"
"High","Bangkok","Bangkok","Sources",2040,"Year","Vint_2040","CO2 emissions - (MTCO2)","sum","pal_all","pal_all","High","CO2 emissions by tech",NA,2040,"CO2","industry",2.74637919591184,0.749012507975957,"sector","ghg","emissCO2BySectorNoBio"
"High","Bangkok","Bangkok","Sources",2040,"Year","Vint_2040","CO2 emissions - (MTCO2)","sum","pal_all","pal_all","High","CO2 emissions by tech",NA,2040,"CO2","transport",5.01169716217727,1.36682649877562,"sector","ghg","emissCO2BySectorNoBio"
"High","Bangkok","Bangkok","Sources",2045,"Year","Vint_2045","CO2 emissions - (MTCO2)","sum","pal_all","pal_all","High","CO2 emissions by tech",NA,2045,"CO2","building",2.90136378246553,0.791281031581508,"sector","ghg","emissCO2BySectorNoBio"
"High","Bangkok","Bangkok","Sources",2045,"Year","Vint_2045","CO2 emissions - (MTCO2)","sum","pal_all","pal_all","High","CO2 emissions by tech",NA,2045,"CO2","industry",2.57970905507708,0.703557015021022,"sector","ghg","emissCO2BySectorNoBio"
"High","Bangkok","Bangkok","Sources",2045,"Year","Vint_2045","CO2 emissions - (MTCO2)","sum","pal_all","pal_all","High","CO2 emissions by tech",NA,2045,"CO2","transport",4.42507960752908,1.20683989296248,"sector","ghg","emissCO2BySectorNoBio"
"High","Bangkok","Bangkok","Sources",2050,"Year","Vint_2050","CO2 emissions - (MTCO2)","sum","pal_all","pal_all","High","CO2 emissions by tech",NA,2050,"CO2","building",2.98539647704565,0.814199039194268,"sector","ghg","emissCO2BySectorNoBio"
"High","Bangkok","Bangkok","Sources",2050,"Year","Vint_2050","CO2 emissions - (MTCO2)","sum","pal_all","pal_all","High","CO2 emissions by tech",NA,2050,"CO2","industry",2.40756702364441,0.656609188266658,"sector","ghg","emissCO2BySectorNoBio"
"High","Bangkok","Bangkok","Sources",2050,"Year","Vint_2050","CO2 emissions - (MTCO2)","sum","pal_all","pal_all","High","CO2 emissions by tech",NA,2050,"CO2","transport",3.94625778375458,1.07625212284216,"sector","ghg","emissCO2BySectorNoBio"
"High","Nonthaburi","Nonthaburi","Sources",1975,"Year","Vint_1975","CO2 emissions - (MTCO2)","sum","pal_all","pal_all","High","CO2 emissions by tech",NA,1975,"CO2","industry",0.201773899513841,0.0550292453219567,"sector","ghg","emissCO2BySectorNoBio"
"High","Nonthaburi","Nonthaburi","Sources",1975,"Year","Vint_1975","CO2 emissions - (MTCO2)","sum","pal_all","pal_all","High","CO2 emissions by tech",NA,1975,"CO2","transport",0.116070661666667,0.031655635,"sector","ghg","emissCO2BySectorNoBio"
"High","Nonthaburi","Nonthaburi","Sources",1990,"Year","Vint_1990","CO2 emissions - (MTCO2)","sum","pal_all","pal_all","High","CO2 emissions by tech",NA,1990,"CO2","building",0.039198177772458,0.0106904121197613,"sector","ghg","emissCO2BySectorNoBio"
"High","Nonthaburi","Nonthaburi","Sources",1990,"Year","Vint_1990","CO2 emissions - (MTCO2)","sum","pal_all","pal_all","High","CO2 emissions by tech",NA,1990,"CO2","industry",0.523581959292886,0.142795079807151,"sector","ghg","emissCO2BySectorNoBio"
"High","Nonthaburi","Nonthaburi","Sources",1990,"Year","Vint_1990","CO2 emissions - (MTCO2)","sum","pal_all","pal_all","High","CO2 emissions by tech",NA,1990,"CO2","transport",0.46277781,0.12621213,"sector","ghg","emissCO2BySectorNoBio"
"High","Nonthaburi","Nonthaburi","Sources",2005,"Year","Vint_2005","CO2 emissions - (MTCO2)","sum","pal_all","pal_all","High","CO2 emissions by tech",NA,2005,"CO2","building",0.0884901061770527,0.0241336653210144,"sector","ghg","emissCO2BySectorNoBio"
"High","Nonthaburi","Nonthaburi","Sources",2005,"Year","Vint_2005","CO2 emissions - (MTCO2)","sum","pal_all","pal_all","High","CO2 emissions by tech",NA,2005,"CO2","industry",2.03543771202341,0.555119376006384,"sector","ghg","emissCO2BySectorNoBio"
"High","Nonthaburi","Nonthaburi","Sources",2005,"Year","Vint_2005","CO2 emissions - (MTCO2)","sum","pal_all","pal_all","High","CO2 emissions by tech",NA,2005,"CO2","transport",1.23835472679465,0.337733107307633,"sector","ghg","emissCO2BySectorNoBio"
"High","Nonthaburi","Nonthaburi","Sources",2010,"Year","Vint_2010","CO2 emissions - (MTCO2)","sum","pal_all","pal_all","High","CO2 emissions by tech",NA,2010,"CO2","building",0.140077118685684,0.0382028505506412,"sector","ghg","emissCO2BySectorNoBio"
"High","Nonthaburi","Nonthaburi","Sources",2010,"Year","Vint_2010","CO2 emissions - (MTCO2)","sum","pal_all","pal_all","High","CO2 emissions by tech",NA,2010,"CO2","industry",2.53593376391728,0.691618299250168,"sector","ghg","emissCO2BySectorNoBio"
"High","Nonthaburi","Nonthaburi","Sources",2010,"Year","Vint_2010","CO2 emissions - (MTCO2)","sum","pal_all","pal_all","High","CO2 emissions by tech",NA,2010,"CO2","transport",1.40736146671594,0.383825854558894,"sector","ghg","emissCO2BySectorNoBio"
"High","Nonthaburi","Nonthaburi","Sources",2015,"Year","Vint_2015","CO2 emissions - (MTCO2)","sum","pal_all","pal_all","High","CO2 emissions by tech",NA,2015,"CO2","building",0.143388898042415,0.0391060631024767,"sector","ghg","emissCO2BySectorNoBio"
"High","Nonthaburi","Nonthaburi","Sources",2015,"Year","Vint_2015","CO2 emissions - (MTCO2)","sum","pal_all","pal_all","High","CO2 emissions by tech",NA,2015,"CO2","industry",2.8665760652049,0.781793472328608,"sector","ghg","emissCO2BySectorNoBio"
"High","Nonthaburi","Nonthaburi","Sources",2015,"Year","Vint_2015","CO2 emissions - (MTCO2)","sum","pal_all","pal_all","High","CO2 emissions by tech",NA,2015,"CO2","transport",1.69241314911929,0.461567222487079,"sector","ghg","emissCO2BySectorNoBio"
"High","Nonthaburi","Nonthaburi","Sources",2020,"Year","Vint_2020","CO2 emissions - (MTCO2)","sum","pal_all","pal_all","High","CO2 emissions by tech",NA,2020,"CO2","building",0.144482519147779,0.0394043234039397,"sector","ghg","emissCO2BySectorNoBio"
"High","Nonthaburi","Nonthaburi","Sources",2020,"Year","Vint_2020","CO2 emissions - (MTCO2)","sum","pal_all","pal_all","High","CO2 emissions by tech",NA,2020,"CO2","industry",3.28545703866182,0.896033737816859,"sector","ghg","emissCO2BySectorNoBio"
"High","Nonthaburi","Nonthaburi","Sources",2020,"Year","Vint_2020","CO2 emissions - (MTCO2)","sum","pal_all","pal_all","High","CO2 emissions by tech",NA,2020,"CO2","transport",1.7158523837486,0.467959741022344,"sector","ghg","emissCO2BySectorNoBio"
"High","Nonthaburi","Nonthaburi","Sources",2025,"Year","Vint_2025","CO2 emissions - (MTCO2)","sum","pal_all","pal_all","High","CO2 emissions by tech",NA,2025,"CO2","building",0.143567549679083,0.0391547862761136,"sector","ghg","emissCO2BySectorNoBio"
"High","Nonthaburi","Nonthaburi","Sources",2025,"Year","Vint_2025","CO2 emissions - (MTCO2)","sum","pal_all","pal_all","High","CO2 emissions by tech",NA,2025,"CO2","industry",3.42511521704104,0.934122331920283,"sector","ghg","emissCO2BySectorNoBio"
"High","Nonthaburi","Nonthaburi","Sources",2025,"Year","Vint_2025","CO2 emissions - (MTCO2)","sum","pal_all","pal_all","High","CO2 emissions by tech",NA,2025,"CO2","transport",1.68555853201328,0.459697781458169,"sector","ghg","emissCO2BySectorNoBio"
"High","Nonthaburi","Nonthaburi","Sources",2030,"Year","Vint_2030","CO2 emissions - (MTCO2)","sum","pal_all","pal_all","High","CO2 emissions by tech",NA,2030,"CO2","building",0.148162731747472,0.0404080177493105,"sector","ghg","emissCO2BySectorNoBio"
"High","Nonthaburi","Nonthaburi","Sources",2030,"Year","Vint_2030","CO2 emissions - (MTCO2)","sum","pal_all","pal_all","High","CO2 emissions by tech",NA,2030,"CO2","industry",3.60870689260014,0.984192788890947,"sector","ghg","emissCO2BySectorNoBio"
"High","Nonthaburi","Nonthaburi","Sources",2030,"Year","Vint_2030","CO2 emissions - (MTCO2)","sum","pal_all","pal_all","High","CO2 emissions by tech",NA,2030,"CO2","transport",1.66002783461288,0.452734863985331,"sector","ghg","emissCO2BySectorNoBio"
"High","Nonthaburi","Nonthaburi","Sources",2035,"Year","Vint_2035","CO2 emissions - (MTCO2)","sum","pal_all","pal_all","High","CO2 emissions by tech",NA,2035,"CO2","building",0.159534141608307,0.0435093113477202,"sector","ghg","emissCO2BySectorNoBio"
"High","Nonthaburi","Nonthaburi","Sources",2035,"Year","Vint_2035","CO2 emissions - (MTCO2)","sum","pal_all","pal_all","High","CO2 emissions by tech",NA,2035,"CO2","industry",3.7487361853955,1.02238259601695,"sector","ghg","emissCO2BySectorNoBio"
"High","Nonthaburi","Nonthaburi","Sources",2035,"Year","Vint_2035","CO2 emissions - (MTCO2)","sum","pal_all","pal_all","High","CO2 emissions by tech",NA,2035,"CO2","transport",1.58355559990157,0.431878799973155,"sector","ghg","emissCO2BySectorNoBio"
"High","Nonthaburi","Nonthaburi","Sources",2040,"Year","Vint_2040","CO2 emissions - (MTCO2)","sum","pal_all","pal_all","High","CO2 emissions by tech",NA,2040,"CO2","building",0.168428263619769,0.0459349809872097,"sector","ghg","emissCO2BySectorNoBio"
"High","Nonthaburi","Nonthaburi","Sources",2040,"Year","Vint_2040","CO2 emissions - (MTCO2)","sum","pal_all","pal_all","High","CO2 emissions by tech",NA,2040,"CO2","industry",3.93451800520823,1.07305036505679,"sector","ghg","emissCO2BySectorNoBio"
"High","Nonthaburi","Nonthaburi","Sources",2040,"Year","Vint_2040","CO2 emissions - (MTCO2)","sum","pal_all","pal_all","High","CO2 emissions by tech",NA,2040,"CO2","transport",1.52249329208858,0.415225443296885,"sector","ghg","emissCO2BySectorNoBio"
"High","Nonthaburi","Nonthaburi","Sources",2045,"Year","Vint_2045","CO2 emissions - (MTCO2)","sum","pal_all","pal_all","High","CO2 emissions by tech",NA,2045,"CO2","building",0.16984604000504,0.0463216472741018,"sector","ghg","emissCO2BySectorNoBio"
"High","Nonthaburi","Nonthaburi","Sources",2045,"Year","Vint_2045","CO2 emissions - (MTCO2)","sum","pal_all","pal_all","High","CO2 emissions by tech",NA,2045,"CO2","industry",3.86844359247485,1.05503007067496,"sector","ghg","emissCO2BySectorNoBio"
"High","Nonthaburi","Nonthaburi","Sources",2045,"Year","Vint_2045","CO2 emissions - (MTCO2)","sum","pal_all","pal_all","High","CO2 emissions by tech",NA,2045,"CO2","transport",1.47664409964437,0.402721118084828,"sector","ghg","emissCO2BySectorNoBio"
"High","Nonthaburi","Nonthaburi","Sources",2050,"Year","Vint_2050","CO2 emissions - (MTCO2)","sum","pal_all","pal_all","High","CO2 emissions by tech",NA,2050,"CO2","building",0.173659598353454,0.047361708641851,"sector","ghg","emissCO2BySectorNoBio"
"High","Nonthaburi","Nonthaburi","Sources",2050,"Year","Vint_2050","CO2 emissions - (MTCO2)","sum","pal_all","pal_all","High","CO2 emissions by tech",NA,2050,"CO2","industry",3.75515032733367,1.02413190745464,"sector","ghg","emissCO2BySectorNoBio"
"High","Nonthaburi","Nonthaburi","Sources",2050,"Year","Vint_2050","CO2 emissions - (MTCO2)","sum","pal_all","pal_all","High","CO2 emissions by tech",NA,2050,"CO2","transport",1.43630748405383,0.391720222923771,"sector","ghg","emissCO2BySectorNoBio"
"High","Rest of Thailand","Rest of Thailand","Sources",1975,"Year","Vint_1975","CO2 emissions - (MTCO2)","sum","pal_all","pal_all","High","CO2 emissions by tech",NA,1975,"CO2","industry",3.43017506498187,0.935502290449602,"sector","ghg","emissCO2BySectorNoBio"
"High","Rest of Thailand","Rest of Thailand","Sources",1975,"Year","Vint_1975","CO2 emissions - (MTCO2)","sum","pal_all","pal_all","High","CO2 emissions by tech",NA,1975,"CO2","transport",8.27889414,2.25788022,"sector","ghg","emissCO2BySectorNoBio"
"High","Rest of Thailand","Rest of Thailand","Sources",1990,"Year","Vint_1990","CO2 emissions - (MTCO2)","sum","pal_all","pal_all","High","CO2 emissions by tech",NA,1990,"CO2","building",1.54442953809714,0.421208055844674,"sector","ghg","emissCO2BySectorNoBio"
"High","Rest of Thailand","Rest of Thailand","Sources",1990,"Year","Vint_1990","CO2 emissions - (MTCO2)","sum","pal_all","pal_all","High","CO2 emissions by tech",NA,1990,"CO2","industry",8.90089514127607,2.42751685671166,"sector","ghg","emissCO2BySectorNoBio"
"High","Rest of Thailand","Rest of Thailand","Sources",1990,"Year","Vint_1990","CO2 emissions - (MTCO2)","sum","pal_all","pal_all","High","CO2 emissions by tech",NA,1990,"CO2","transport",32.9853036333333,8.9959919,"sector","ghg","emissCO2BySectorNoBio"
"High","Rest of Thailand","Rest of Thailand","Sources",2005,"Year","Vint_2005","CO2 emissions - (MTCO2)","sum","pal_all","pal_all","High","CO2 emissions by tech",NA,2005,"CO2","building",3.39893872368769,0.926983288278461,"sector","ghg","emissCO2BySectorNoBio"
"High","Rest of Thailand","Rest of Thailand","Sources",2005,"Year","Vint_2005","CO2 emissions - (MTCO2)","sum","pal_all","pal_all","High","CO2 emissions by tech",NA,2005,"CO2","industry",34.6025745704411,9.43706579193848,"sector","ghg","emissCO2BySectorNoBio"
"High","Rest of Thailand","Rest of Thailand","Sources",2005,"Year","Vint_2005","CO2 emissions - (MTCO2)","sum","pal_all","pal_all","High","CO2 emissions by tech",NA,2005,"CO2","transport",69.7042929097176,19.0102617026503,"sector","ghg","emissCO2BySectorNoBio"
"High","Rest of Thailand","Rest of Thailand","Sources",2010,"Year","Vint_2010","CO2 emissions - (MTCO2)","sum","pal_all","pal_all","High","CO2 emissions by tech",NA,2010,"CO2","building",5.41954699536374,1.47805827146284,"sector","ghg","emissCO2BySectorNoBio"
"High","Rest of Thailand","Rest of Thailand","Sources",2010,"Year","Vint_2010","CO2 emissions - (MTCO2)","sum","pal_all","pal_all","High","CO2 emissions by tech",NA,2010,"CO2","industry",43.1108428491515,11.7575025952231,"sector","ghg","emissCO2BySectorNoBio"
"High","Rest of Thailand","Rest of Thailand","Sources",2010,"Year","Vint_2010","CO2 emissions - (MTCO2)","sum","pal_all","pal_all","High","CO2 emissions by tech",NA,2010,"CO2","transport",71.3700179071222,19.4645503383061,"sector","ghg","emissCO2BySectorNoBio"
"High","Rest of Thailand","Rest of Thailand","Sources",2015,"Year","Vint_2015","CO2 emissions - (MTCO2)","sum","pal_all","pal_all","High","CO2 emissions by tech",NA,2015,"CO2","building",4.37781871790163,1.19395055942772,"sector","ghg","emissCO2BySectorNoBio"
"High","Rest of Thailand","Rest of Thailand","Sources",2015,"Year","Vint_2015","CO2 emissions - (MTCO2)","sum","pal_all","pal_all","High","CO2 emissions by tech",NA,2015,"CO2","industry",48.7317692692727,13.2904825279835,"sector","ghg","emissCO2BySectorNoBio"
"High","Rest of Thailand","Rest of Thailand","Sources",2015,"Year","Vint_2015","CO2 emissions - (MTCO2)","sum","pal_all","pal_all","High","CO2 emissions by tech",NA,2015,"CO2","transport",81.5841352751078,22.250218711393,"sector","ghg","emissCO2BySectorNoBio"
"High","Rest of Thailand","Rest of Thailand","Sources",2020,"Year","Vint_2020","CO2 emissions - (MTCO2)","sum","pal_all","pal_all","High","CO2 emissions by tech",NA,2020,"CO2","building",4.44520644492817,1.21232903043496,"sector","ghg","emissCO2BySectorNoBio"
"High","Rest of Thailand","Rest of Thailand","Sources",2020,"Year","Vint_2020","CO2 emissions - (MTCO2)","sum","pal_all","pal_all","High","CO2 emissions by tech",NA,2020,"CO2","industry",50.2830388693871,13.7135560552874,"sector","ghg","emissCO2BySectorNoBio"
"High","Rest of Thailand","Rest of Thailand","Sources",2020,"Year","Vint_2020","CO2 emissions - (MTCO2)","sum","pal_all","pal_all","High","CO2 emissions by tech",NA,2020,"CO2","transport",77.5880568227481,21.1603791334768,"sector","ghg","emissCO2BySectorNoBio"
"High","Rest of Thailand","Rest of Thailand","Sources",2025,"Year","Vint_2025","CO2 emissions - (MTCO2)","sum","pal_all","pal_all","High","CO2 emissions by tech",NA,2025,"CO2","building",4.43569463270262,1.20973489982799,"sector","ghg","emissCO2BySectorNoBio"
"High","Rest of Thailand","Rest of Thailand","Sources",2025,"Year","Vint_2025","CO2 emissions - (MTCO2)","sum","pal_all","pal_all","High","CO2 emissions by tech",NA,2025,"CO2","industry",49.4084980529153,13.4750449235224,"sector","ghg","emissCO2BySectorNoBio"
"High","Rest of Thailand","Rest of Thailand","Sources",2025,"Year","Vint_2025","CO2 emissions - (MTCO2)","sum","pal_all","pal_all","High","CO2 emissions by tech",NA,2025,"CO2","transport",72.5299033998987,19.7808827454269,"sector","ghg","emissCO2BySectorNoBio"
"High","Rest of Thailand","Rest of Thailand","Sources",2030,"Year","Vint_2030","CO2 emissions - (MTCO2)","sum","pal_all","pal_all","High","CO2 emissions by tech",NA,2030,"CO2","building",4.61057705010581,1.25743010457431,"sector","ghg","emissCO2BySectorNoBio"
"High","Rest of Thailand","Rest of Thailand","Sources",2030,"Year","Vint_2030","CO2 emissions - (MTCO2)","sum","pal_all","pal_all","High","CO2 emissions by tech",NA,2030,"CO2","industry",51.1700131935585,13.9554581436978,"sector","ghg","emissCO2BySectorNoBio"
"High","Rest of Thailand","Rest of Thailand","Sources",2030,"Year","Vint_2030","CO2 emissions - (MTCO2)","sum","pal_all","pal_all","High","CO2 emissions by tech",NA,2030,"CO2","transport",71.5500533481275,19.5136509131257,"sector","ghg","emissCO2BySectorNoBio"
"High","Rest of Thailand","Rest of Thailand","Sources",2035,"Year","Vint_2035","CO2 emissions - (MTCO2)","sum","pal_all","pal_all","High","CO2 emissions by tech",NA,2035,"CO2","building",4.97000988061065,1.35545724016654,"sector","ghg","emissCO2BySectorNoBio"
"High","Rest of Thailand","Rest of Thailand","Sources",2035,"Year","Vint_2035","CO2 emissions - (MTCO2)","sum","pal_all","pal_all","High","CO2 emissions by tech",NA,2035,"CO2","industry",52.3340022661398,14.2729097089472,"sector","ghg","emissCO2BySectorNoBio"
"High","Rest of Thailand","Rest of Thailand","Sources",2035,"Year","Vint_2035","CO2 emissions - (MTCO2)","sum","pal_all","pal_all","High","CO2 emissions by tech",NA,2035,"CO2","transport",68.9016858753882,18.7913688751059,"sector","ghg","emissCO2BySectorNoBio"
"High","Rest of Thailand","Rest of Thailand","Sources",2040,"Year","Vint_2040","CO2 emissions - (MTCO2)","sum","pal_all","pal_all","High","CO2 emissions by tech",NA,2040,"CO2","building",5.23164284160941,1.42681168407529,"sector","ghg","emissCO2BySectorNoBio"
"High","Rest of Thailand","Rest of Thailand","Sources",2040,"Year","Vint_2040","CO2 emissions - (MTCO2)","sum","pal_all","pal_all","High","CO2 emissions by tech",NA,2040,"CO2","industry",52.0309202085617,14.1902509659714,"sector","ghg","emissCO2BySectorNoBio"
"High","Rest of Thailand","Rest of Thailand","Sources",2040,"Year","Vint_2040","CO2 emissions - (MTCO2)","sum","pal_all","pal_all","High","CO2 emissions by tech",NA,2040,"CO2","transport",63.4360743857605,17.3007475597529,"sector","ghg","emissCO2BySectorNoBio"
"High","Rest of Thailand","Rest of Thailand","Sources",2045,"Year","Vint_2045","CO2 emissions - (MTCO2)","sum","pal_all","pal_all","High","CO2 emissions by tech",NA,2045,"CO2","building",5.26610484626526,1.4362104126178,"sector","ghg","emissCO2BySectorNoBio"
"High","Rest of Thailand","Rest of Thailand","Sources",2045,"Year","Vint_2045","CO2 emissions - (MTCO2)","sum","pal_all","pal_all","High","CO2 emissions by tech",NA,2045,"CO2","industry",50.9336264176615,13.8909890229986,"sector","ghg","emissCO2BySectorNoBio"
"High","Rest of Thailand","Rest of Thailand","Sources",2045,"Year","Vint_2045","CO2 emissions - (MTCO2)","sum","pal_all","pal_all","High","CO2 emissions by tech",NA,2045,"CO2","transport",61.2006484911739,16.6910859521383,"sector","ghg","emissCO2BySectorNoBio"
"High","Rest of Thailand","Rest of Thailand","Sources",2050,"Year","Vint_2050","CO2 emissions - (MTCO2)","sum","pal_all","pal_all","High","CO2 emissions by tech",NA,2050,"CO2","building",5.38986431841383,1.46996299593104,"sector","ghg","emissCO2BySectorNoBio"
"High","Rest of Thailand","Rest of Thailand","Sources",2050,"Year","Vint_2050","CO2 emissions - (MTCO2)","sum","pal_all","pal_all","High","CO2 emissions by tech",NA,2050,"CO2","industry",49.616757401334,13.5318429276366,"sector","ghg","emissCO2BySectorNoBio"
"High","Rest of Thailand","Rest of Thailand","Sources",2050,"Year","Vint_2050","CO2 emissions - (MTCO2)","sum","pal_all","pal_all","High","CO2 emissions by tech",NA,2050,"CO2","transport",60.3278561052501,16.4530516650682,"sector","ghg","emissCO2BySectorNoBio"
"High","SamutPrakan","SamutPrakan","Sources",1975,"Year","Vint_1975","CO2 emissions - (MTCO2)","sum","pal_all","pal_all","High","CO2 emissions by tech",NA,1975,"CO2","industry",0.201773899513841,0.0550292453219567,"sector","ghg","emissCO2BySectorNoBio"
"High","SamutPrakan","SamutPrakan","Sources",1975,"Year","Vint_1975","CO2 emissions - (MTCO2)","sum","pal_all","pal_all","High","CO2 emissions by tech",NA,1975,"CO2","transport",0.144882184333333,0.039513323,"sector","ghg","emissCO2BySectorNoBio"
"High","SamutPrakan","SamutPrakan","Sources",1990,"Year","Vint_1990","CO2 emissions - (MTCO2)","sum","pal_all","pal_all","High","CO2 emissions by tech",NA,1990,"CO2","building",0.129754710278485,0.0353876482577687,"sector","ghg","emissCO2BySectorNoBio"
"High","SamutPrakan","SamutPrakan","Sources",1990,"Year","Vint_1990","CO2 emissions - (MTCO2)","sum","pal_all","pal_all","High","CO2 emissions by tech",NA,1990,"CO2","industry",0.523581959292886,0.142795079807151,"sector","ghg","emissCO2BySectorNoBio"
"High","SamutPrakan","SamutPrakan","Sources",1990,"Year","Vint_1990","CO2 emissions - (MTCO2)","sum","pal_all","pal_all","High","CO2 emissions by tech",NA,1990,"CO2","transport",0.57708222,0.15738606,"sector","ghg","emissCO2BySectorNoBio"
"High","SamutPrakan","SamutPrakan","Sources",2005,"Year","Vint_2005","CO2 emissions - (MTCO2)","sum","pal_all","pal_all","High","CO2 emissions by tech",NA,2005,"CO2","building",0.309363478969482,0.0843718579007678,"sector","ghg","emissCO2BySectorNoBio"
"High","SamutPrakan","SamutPrakan","Sources",2005,"Year","Vint_2005","CO2 emissions - (MTCO2)","sum","pal_all","pal_all","High","CO2 emissions by tech",NA,2005,"CO2","industry",2.03543771202341,0.555119376006384,"sector","ghg","emissCO2BySectorNoBio"
"High","SamutPrakan","SamutPrakan","Sources",2005,"Year","Vint_2005","CO2 emissions - (MTCO2)","sum","pal_all","pal_all","High","CO2 emissions by tech",NA,2005,"CO2","transport",1.37343951311294,0.374574412667164,"sector","ghg","emissCO2BySectorNoBio"
"High","SamutPrakan","SamutPrakan","Sources",2010,"Year","Vint_2010","CO2 emissions - (MTCO2)","sum","pal_all","pal_all","High","CO2 emissions by tech",NA,2010,"CO2","building",0.522759846791414,0.142570867306749,"sector","ghg","emissCO2BySectorNoBio"
"High","SamutPrakan","SamutPrakan","Sources",2010,"Year","Vint_2010","CO2 emissions - (MTCO2)","sum","pal_all","pal_all","High","CO2 emissions by tech",NA,2010,"CO2","industry",2.53593376391728,0.691618299250168,"sector","ghg","emissCO2BySectorNoBio"
"High","SamutPrakan","SamutPrakan","Sources",2010,"Year","Vint_2010","CO2 emissions - (MTCO2)","sum","pal_all","pal_all","High","CO2 emissions by tech",NA,2010,"CO2","transport",1.513200642869,0.412691084418819,"sector","ghg","emissCO2BySectorNoBio"
"High","SamutPrakan","SamutPrakan","Sources",2015,"Year","Vint_2015","CO2 emissions - (MTCO2)","sum","pal_all","pal_all","High","CO2 emissions by tech",NA,2015,"CO2","building",0.36180753990356,0.0986747836100618,"sector","ghg","emissCO2BySectorNoBio"
"High","SamutPrakan","SamutPrakan","Sources",2015,"Year","Vint_2015","CO2 emissions - (MTCO2)","sum","pal_all","pal_all","High","CO2 emissions by tech",NA,2015,"CO2","industry",2.8665760652049,0.781793472328608,"sector","ghg","emissCO2BySectorNoBio"
"High","SamutPrakan","SamutPrakan","Sources",2015,"Year","Vint_2015","CO2 emissions - (MTCO2)","sum","pal_all","pal_all","High","CO2 emissions by tech",NA,2015,"CO2","transport",1.81273535187214,0.494382368692402,"sector","ghg","emissCO2BySectorNoBio"
"High","SamutPrakan","SamutPrakan","Sources",2020,"Year","Vint_2020","CO2 emissions - (MTCO2)","sum","pal_all","pal_all","High","CO2 emissions by tech",NA,2020,"CO2","building",0.361833488272285,0.0986818604378958,"sector","ghg","emissCO2BySectorNoBio"
"High","SamutPrakan","SamutPrakan","Sources",2020,"Year","Vint_2020","CO2 emissions - (MTCO2)","sum","pal_all","pal_all","High","CO2 emissions by tech",NA,2020,"CO2","industry",2.66288516769307,0.726241409370836,"sector","ghg","emissCO2BySectorNoBio"
"High","SamutPrakan","SamutPrakan","Sources",2020,"Year","Vint_2020","CO2 emissions - (MTCO2)","sum","pal_all","pal_all","High","CO2 emissions by tech",NA,2020,"CO2","transport",1.54688306123705,0.421877198519197,"sector","ghg","emissCO2BySectorNoBio"
"High","SamutPrakan","SamutPrakan","Sources",2025,"Year","Vint_2025","CO2 emissions - (MTCO2)","sum","pal_all","pal_all","High","CO2 emissions by tech",NA,2025,"CO2","building",0.368018124984161,0.100368579541135,"sector","ghg","emissCO2BySectorNoBio"
"High","SamutPrakan","SamutPrakan","Sources",2025,"Year","Vint_2025","CO2 emissions - (MTCO2)","sum","pal_all","pal_all","High","CO2 emissions by tech",NA,2025,"CO2","industry",2.96696711911799,0.809172850668542,"sector","ghg","emissCO2BySectorNoBio"
"High","SamutPrakan","SamutPrakan","Sources",2025,"Year","Vint_2025","CO2 emissions - (MTCO2)","sum","pal_all","pal_all","High","CO2 emissions by tech",NA,2025,"CO2","transport",1.6021558625016,0.436951598864073,"sector","ghg","emissCO2BySectorNoBio"
"High","SamutPrakan","SamutPrakan","Sources",2030,"Year","Vint_2030","CO2 emissions - (MTCO2)","sum","pal_all","pal_all","High","CO2 emissions by tech",NA,2030,"CO2","building",0.381257005286212,0.103979183259876,"sector","ghg","emissCO2BySectorNoBio"
"High","SamutPrakan","SamutPrakan","Sources",2030,"Year","Vint_2030","CO2 emissions - (MTCO2)","sum","pal_all","pal_all","High","CO2 emissions by tech",NA,2030,"CO2","industry",3.12155240381461,0.851332473767622,"sector","ghg","emissCO2BySectorNoBio"
"High","SamutPrakan","SamutPrakan","Sources",2030,"Year","Vint_2030","CO2 emissions - (MTCO2)","sum","pal_all","pal_all","High","CO2 emissions by tech",NA,2030,"CO2","transport",1.56305448350959,0.426287586411706,"sector","ghg","emissCO2BySectorNoBio"
"High","SamutPrakan","SamutPrakan","Sources",2035,"Year","Vint_2035","CO2 emissions - (MTCO2)","sum","pal_all","pal_all","High","CO2 emissions by tech",NA,2035,"CO2","building",0.411279087170502,0.112167023773773,"sector","ghg","emissCO2BySectorNoBio"
"High","SamutPrakan","SamutPrakan","Sources",2035,"Year","Vint_2035","CO2 emissions - (MTCO2)","sum","pal_all","pal_all","High","CO2 emissions by tech",NA,2035,"CO2","industry",3.23383324184867,0.881954520504182,"sector","ghg","emissCO2BySectorNoBio"
"High","SamutPrakan","SamutPrakan","Sources",2035,"Year","Vint_2035","CO2 emissions - (MTCO2)","sum","pal_all","pal_all","High","CO2 emissions by tech",NA,2035,"CO2","transport",1.47800846992678,0.403093219070939,"sector","ghg","emissCO2BySectorNoBio"
"High","SamutPrakan","SamutPrakan","Sources",2040,"Year","Vint_2040","CO2 emissions - (MTCO2)","sum","pal_all","pal_all","High","CO2 emissions by tech",NA,2040,"CO2","building",0.432394661744383,0.117925816839377,"sector","ghg","emissCO2BySectorNoBio"
"High","SamutPrakan","SamutPrakan","Sources",2040,"Year","Vint_2040","CO2 emissions - (MTCO2)","sum","pal_all","pal_all","High","CO2 emissions by tech",NA,2040,"CO2","industry",3.25794827316052,0.888531347225597,"sector","ghg","emissCO2BySectorNoBio"
"High","SamutPrakan","SamutPrakan","Sources",2040,"Year","Vint_2040","CO2 emissions - (MTCO2)","sum","pal_all","pal_all","High","CO2 emissions by tech",NA,2040,"CO2","transport",1.32926169587335,0.362525917056369,"sector","ghg","emissCO2BySectorNoBio"
"High","SamutPrakan","SamutPrakan","Sources",2045,"Year","Vint_2045","CO2 emissions - (MTCO2)","sum","pal_all","pal_all","High","CO2 emissions by tech",NA,2045,"CO2","building",0.438217927034825,0.119513980100407,"sector","ghg","emissCO2BySectorNoBio"
"High","SamutPrakan","SamutPrakan","Sources",2045,"Year","Vint_2045","CO2 emissions - (MTCO2)","sum","pal_all","pal_all","High","CO2 emissions by tech",NA,2045,"CO2","industry",3.1154059944422,0.849656180302418,"sector","ghg","emissCO2BySectorNoBio"
"High","SamutPrakan","SamutPrakan","Sources",2045,"Year","Vint_2045","CO2 emissions - (MTCO2)","sum","pal_all","pal_all","High","CO2 emissions by tech",NA,2045,"CO2","transport",1.21059227818133,0.330161530413089,"sector","ghg","emissCO2BySectorNoBio"
"High","SamutPrakan","SamutPrakan","Sources",2050,"Year","Vint_2050","CO2 emissions - (MTCO2)","sum","pal_all","pal_all","High","CO2 emissions by tech",NA,2050,"CO2","building",0.449310187416366,0.122539142022645,"sector","ghg","emissCO2BySectorNoBio"
"High","SamutPrakan","SamutPrakan","Sources",2050,"Year","Vint_2050","CO2 emissions - (MTCO2)","sum","pal_all","pal_all","High","CO2 emissions by tech",NA,2050,"CO2","industry",2.96782951345443,0.809408049123935,"sector","ghg","emissCO2BySectorNoBio"
"High","SamutPrakan","SamutPrakan","Sources",2050,"Year","Vint_2050","CO2 emissions - (MTCO2)","sum","pal_all","pal_all","High","CO2 emissions by tech",NA,2050,"CO2","transport",1.11553692549128,0.304237343315802,"sector","ghg","emissCO2BySectorNoBio"
"High","Thailand","Thailand","Sources",1975,"Year","Vint_1975","CO2 emissions - (MTCO2)","sum","pal_all","pal_all","High","CO2 emissions by tech",NA,1975,"CO2","industry",5.1965611484766,1.41724394958453,"sector","ghg","emissCO2BySectorNoBio"
"High","Thailand","Thailand","Sources",1990,"Year","Vint_1990","CO2 emissions - (MTCO2)","sum","pal_all","pal_all","High","CO2 emissions by tech",NA,1990,"CO2","electricity",26.6884093666667,7.2786571,"sector","ghg","emissCO2BySectorNoBio"
"High","Thailand","Thailand","Sources",1990,"Year","Vint_1990","CO2 emissions - (MTCO2)","sum","pal_all","pal_all","High","CO2 emissions by tech",NA,1990,"CO2","industry",22.155889617318,6.04251535017764,"sector","ghg","emissCO2BySectorNoBio"
"High","Thailand","Thailand","Sources",2005,"Year","Vint_2005","CO2 emissions - (MTCO2)","sum","pal_all","pal_all","High","CO2 emissions by tech",NA,2005,"CO2","electricity",67.7535096938409,18.4782299165021,"sector","ghg","emissCO2BySectorNoBio"
"High","Thailand","Thailand","Sources",2005,"Year","Vint_2005","CO2 emissions - (MTCO2)","sum","pal_all","pal_all","High","CO2 emissions by tech",NA,2005,"CO2","industry",51.3206881306475,13.9965513083584,"sector","ghg","emissCO2BySectorNoBio"
"High","Thailand","Thailand","Sources",2010,"Year","Vint_2010","CO2 emissions - (MTCO2)","sum","pal_all","pal_all","High","CO2 emissions by tech",NA,2010,"CO2","electricity",79.2722789971812,21.6197124537767,"sector","ghg","emissCO2BySectorNoBio"
"High","Thailand","Thailand","Sources",2010,"Year","Vint_2010","CO2 emissions - (MTCO2)","sum","pal_all","pal_all","High","CO2 emissions by tech",NA,2010,"CO2","industry",43.5451445364721,11.8759485099469,"sector","ghg","emissCO2BySectorNoBio"
"High","Thailand","Thailand","Sources",2015,"Year","Vint_2015","CO2 emissions - (MTCO2)","sum","pal_all","pal_all","High","CO2 emissions by tech",NA,2015,"CO2","electricity",87.287590501535,23.8057065004186,"sector","ghg","emissCO2BySectorNoBio"
"High","Thailand","Thailand","Sources",2015,"Year","Vint_2015","CO2 emissions - (MTCO2)","sum","pal_all","pal_all","High","CO2 emissions by tech",NA,2015,"CO2","industry",50.0253967113804,13.6432900121947,"sector","ghg","emissCO2BySectorNoBio"
"High","Thailand","Thailand","Sources",2020,"Year","Vint_2020","CO2 emissions - (MTCO2)","sum","pal_all","pal_all","High","CO2 emissions by tech",NA,2020,"CO2","electricity",84.6878625856403,23.0966897960837,"sector","ghg","emissCO2BySectorNoBio"
"High","Thailand","Thailand","Sources",2020,"Year","Vint_2020","CO2 emissions - (MTCO2)","sum","pal_all","pal_all","High","CO2 emissions by tech",NA,2020,"CO2","industry",52.5225976314983,14.3243448085904,"sector","ghg","emissCO2BySectorNoBio"
"High","Thailand","Thailand","Sources",2025,"Year","Vint_2025","CO2 emissions - (MTCO2)","sum","pal_all","pal_all","High","CO2 emissions by tech",NA,2025,"CO2","electricity",78.5015032766032,21.4095008936191,"sector","ghg","emissCO2BySectorNoBio"
"High","Thailand","Thailand","Sources",2025,"Year","Vint_2025","CO2 emissions - (MTCO2)","sum","pal_all","pal_all","High","CO2 emissions by tech",NA,2025,"CO2","industry",53.8953116940965,14.6987213711172,"sector","ghg","emissCO2BySectorNoBio"
"High","Thailand","Thailand","Sources",2030,"Year","Vint_2030","CO2 emissions - (MTCO2)","sum","pal_all","pal_all","High","CO2 emissions by tech",NA,2030,"CO2","electricity",72.7719656160501,19.8468997134682,"sector","ghg","emissCO2BySectorNoBio"
"High","Thailand","Thailand","Sources",2030,"Year","Vint_2030","CO2 emissions - (MTCO2)","sum","pal_all","pal_all","High","CO2 emissions by tech",NA,2030,"CO2","industry",55.7938365565459,15.216500879058,"sector","ghg","emissCO2BySectorNoBio"
"High","Thailand","Thailand","Sources",2035,"Year","Vint_2035","CO2 emissions - (MTCO2)","sum","pal_all","pal_all","High","CO2 emissions by tech",NA,2035,"CO2","electricity",61.0174454367438,16.6411214827483,"sector","ghg","emissCO2BySectorNoBio"
"High","Thailand","Thailand","Sources",2035,"Year","Vint_2035","CO2 emissions - (MTCO2)","sum","pal_all","pal_all","High","CO2 emissions by tech",NA,2035,"CO2","industry",57.2105835918482,15.6028864341404,"sector","ghg","emissCO2BySectorNoBio"
"High","Thailand","Thailand","Sources",2040,"Year","Vint_2040","CO2 emissions - (MTCO2)","sum","pal_all","pal_all","High","CO2 emissions by tech",NA,2040,"CO2","electricity",49.2154679392665,13.4224003470727,"sector","ghg","emissCO2BySectorNoBio"
"High","Thailand","Thailand","Sources",2040,"Year","Vint_2040","CO2 emissions - (MTCO2)","sum","pal_all","pal_all","High","CO2 emissions by tech",NA,2040,"CO2","industry",57.6534933907677,15.7236800156639,"sector","ghg","emissCO2BySectorNoBio"
"High","Thailand","Thailand","Sources",2045,"Year","Vint_2045","CO2 emissions - (MTCO2)","sum","pal_all","pal_all","High","CO2 emissions by tech",NA,2045,"CO2","electricity",38.142704768743,10.4025558460208,"sector","ghg","emissCO2BySectorNoBio"
"High","Thailand","Thailand","Sources",2045,"Year","Vint_2045","CO2 emissions - (MTCO2)","sum","pal_all","pal_all","High","CO2 emissions by tech",NA,2045,"CO2","industry",57.5859457799618,15.7052579399896,"sector","ghg","emissCO2BySectorNoBio"
"High","Thailand","Thailand","Sources",2050,"Year","Vint_2050","CO2 emissions - (MTCO2)","sum","pal_all","pal_all","High","CO2 emissions by tech",NA,2050,"CO2","electricity",27.1457094327833,7.40337529984998,"sector","ghg","emissCO2BySectorNoBio"
"High","Thailand","Thailand","Sources",2050,"Year","Vint_2050","CO2 emissions - (MTCO2)","sum","pal_all","pal_all","High","CO2 emissions by tech",NA,2050,"CO2","industry",57.6080129179603,15.7112762503528,"sector","ghg","emissCO2BySectorNoBio"
